item_id,room,folder,type,scope,phase_b_150m
ENT-SHOE,ENT,01-SANH-VA-LOI-VAO/01-TU-GIAY,FIX,Tu giay va luu tru sanh,IN
ENT-ACC,ENT,01-SANH-VA-LOI-VAO/02-GUONG-GHE-SANH,LOO,Guong ghe thay giay khay khoa,IN
LIV-SOFA,LIV,02-PHONG-KHACH/01-SOFA,LOO,Sofa phong khach,IN
LIV-TABLE,LIV,02-PHONG-KHACH/02-BAN-TRA,LOO,Ban tra,IN
LIV-TVUNIT,LIV,02-PHONG-KHACH/03-KE-VA-MANG-TV,FIX,Ke va mang TV,IN
LIV-TV,LIV,02-PHONG-KHACH/04-TV,ELE,Tivi,DE-SAU
LIV-CURTAIN,LIV,02-PHONG-KHACH/05-REM,ACC,Rem phong khach,IN
LIV-CLIMATE,LIV,02-PHONG-KHACH/06-DIEU-HOA-VA-QUAT,ELE,Dieu hoa va quat,DE-SAU
LIV-DECOR,LIV,02-PHONG-KHACH/07-THAM-GOI-VA-TRANG-TRI,LOO,Tham goi va trang tri,IN
KIT-CAB,KIT,03-BEP-VA-PHONG-AN/01-TU-BEP,FIX,Tu bep,IN
KIT-TOP,KIT,03-BEP-VA-PHONG-AN/02-MAT-BAN-VA-OP-BEP,MAT,Mat va op bep,IN
KIT-HDW,KIT,03-BEP-VA-PHONG-AN/03-PHU-KIEN-TU-BEP,ACC,Phu kien tu bep,IN
KIT-SINK,KIT,03-BEP-VA-PHONG-AN/04-CHAU-VA-VOI,PLU,Chau va voi bep,IN
KIT-HOB,KIT,03-BEP-VA-PHONG-AN/05-BEP-TU,ELE,Bep tu,IN
KIT-HOOD,KIT,03-BEP-VA-PHONG-AN/06-HUT-MUI,ELE,Hut mui,IN
KIT-DINING,KIT,03-BEP-VA-PHONG-AN/07-BAN-GHE-AN,LOO,Ban ghe an,IN
KIT-FRIDGE,KIT,03-BEP-VA-PHONG-AN/08-TU-LANH,ELE,Tu lanh,DE-SAU
BR1-BED,BR1,04-PHONG-NGU-01/01-GIUONG-VA-NEM,LOO,Giuong va nem,DE-SAU
BR1-WARD,BR1,04-PHONG-NGU-01/02-TU-AO,FIX,Tu ao,DE-SAU
BR1-AUX,BR1,04-PHONG-NGU-01/03-TAB-VA-BAN-TRANG-DIEM,FIX,Tab va ban trang diem,DE-SAU
BR1-CURTAIN,BR1,04-PHONG-NGU-01/04-REM,ACC,Rem,DE-SAU
BR1-CLIMATE,BR1,04-PHONG-NGU-01/05-DIEU-HOA,ELE,Dieu hoa,DE-SAU
BR2-BED,BR2,05-PHONG-NGU-02/01-GIUONG-VA-NEM,LOO,Giuong va nem,DE-SAU
BR2-WARD,BR2,05-PHONG-NGU-02/02-TU-AO,FIX,Tu ao,DE-SAU
BR2-DESK,BR2,05-PHONG-NGU-02/03-BAN-HOC-VA-KE,FIX,Ban hoc va ke,DE-SAU
BR2-CURTAIN,BR2,05-PHONG-NGU-02/04-REM,ACC,Rem,DE-SAU
BR2-CLIMATE,BR2,05-PHONG-NGU-02/05-DIEU-HOA,ELE,Dieu hoa,DE-SAU
BAT-WP,BAT,06-PHONG-TAM/01-CHONG-THAM-VA-THOAT-SAN,MAT,Chong tham thoat san,IN
BAT-SCREEN,BAT,06-PHONG-TAM/02-VACH-TAM,PLU,Vach tam,IN
BAT-VANITY,BAT,06-PHONG-TAM/03-TU-CHAU-VA-TU-GUONG,FIX,Tu chau va tu guong,IN
BAT-SANITARY,BAT,06-PHONG-TAM/04-BON-CAU-LAVABO,PLU,Thiet bi ve sinh,DE-SAU
BAT-SHOWER,BAT,06-PHONG-TAM/05-SEN-VOI,PLU,Sen voi,DE-SAU
BAT-VENT,BAT,06-PHONG-TAM/06-QUAT-HUT,ELE,Quat hut,IN
BAT-ACC,BAT,06-PHONG-TAM/07-PHU-KIEN,ACC,Phu kien phong tam,IN
LOG-WASHER,LOG,07-LO-GIA/01-MAY-GIAT,ELE,May giat,DE-SAU
LOG-CAB,LOG,07-LO-GIA/02-TU-GIAT,FIX,Tu giat,IN
LOG-DRY,LOG,07-LO-GIA/03-GIAN-PHOI,ACC,Gian phoi,IN
LOG-FLOOR,LOG,07-LO-GIA/04-SAN-VA-THOAT-NUOC,MAT,San va thoat nuoc,IN
COM-FLOOR,COM,08-HANG-MUC-CHUNG/01-SAN,MAT,San khu kho,GIU-LAI
COM-CEIL,COM,08-HANG-MUC-CHUNG/02-TRAN,MAT,Tran,CUC-BO
COM-PAINT,COM,08-HANG-MUC-CHUNG/03-TUONG-VA-SON,MAT,Tuong va son,IN
COM-LIGHT,COM,08-HANG-MUC-CHUNG/04-CHIEU-SANG,ELE,Chieu sang,IN
COM-ELECTRIC,COM,08-HANG-MUC-CHUNG/05-DIEN-NGUON-VA-DIEU-KHIEN,ELE,Dien nguon va dieu khien,IN
COM-BOARD,COM,08-HANG-MUC-CHUNG/06-VAT-LIEU-DO-GO,MAT,Vat lieu do go,IN
COM-HARDWARE,COM,08-HANG-MUC-CHUNG/07-PHU-KIEN-DO-GO,ACC,Phu kien do go,IN
COM-AUX,COM,08-HANG-MUC-CHUNG/08-KEO-NEP-VA-VAT-TU-PHU,AUX,Keo nep vat tu phu,IN
COM-SITE,COM,08-HANG-MUC-CHUNG/09-CHE-CHAN-VAN-CHUYEN-VE-SINH,LAB,Cong tac cong truong,IN
COM-DESIGN,COM,08-HANG-MUC-CHUNG/10-KHAO-SAT-THIET-KE-GIAM-SAT,LAB,Khao sat thiet ke va giam sat,IN
