option_id,item_id,room,segment,name,price_min,price_max,price_basis,recommended,source_file
COM-FLOOR-01,COM-FLOOR,COM,GIU-LAI,Giu va phuc hoi san ban giao,40000,120000,VND/m2,YES,08-HANG-MUC-CHUNG/01-SAN/README.md
COM-FLOOR-02,COM-FLOOR,COM,PHO-THONG,San SPC hem khoa,280000,480000,VND/m2,NO,08-HANG-MUC-CHUNG/01-SAN/README.md
COM-FLOOR-03,COM-FLOOR,COM,PHO-THONG,Laminate 8mm AC3-AC4,320000,520000,VND/m2,NO,08-HANG-MUC-CHUNG/01-SAN/README.md
COM-FLOOR-04,COM-FLOOR,COM,KHA,Laminate 12mm AC4,500000,850000,VND/m2,NO,08-HANG-MUC-CHUNG/01-SAN/README.md
COM-FLOOR-05,COM-FLOOR,COM,CAO-CAP,Go ky thuat,1000000,1800000,VND/m2,NO,08-HANG-MUC-CHUNG/01-SAN/README.md
COM-CEIL-01,COM-CEIL,COM,GIU-LAI,Giu tran va dung den noi,50000,120000,VND/m2,YES,08-HANG-MUC-CHUNG/02-TRAN/README.md
COM-CEIL-02,COM-CEIL,COM,CUC-BO,Hop rem hoac dai tran cuc bo,280000,450000,VND/m2,YES,08-HANG-MUC-CHUNG/02-TRAN/README.md
COM-CEIL-03,COM-CEIL,COM,PHO-THONG,Tran phang toan phong,260000,420000,VND/m2,NO,08-HANG-MUC-CHUNG/02-TRAN/README.md
COM-CEIL-04,COM-CEIL,COM,KHA,Tran chiu am,330000,520000,VND/m2,NO,08-HANG-MUC-CHUNG/02-TRAN/README.md
COM-CEIL-05,COM-CEIL,COM,CAO-CAP,Tran tieu am trang tri,550000,1200000,VND/m2,NO,08-HANG-MUC-CHUNG/02-TRAN/README.md
COM-PAINT-01,COM-PAINT,COM,GIU-LAI,Va dam giu mau,25000,55000,VND/m2,YES,08-HANG-MUC-CHUNG/03-TUONG-VA-SON/README.md
COM-PAINT-02,COM-PAINT,COM,KINH-TE,Son noi that kinh te,45000,75000,VND/m2,NO,08-HANG-MUC-CHUNG/03-TUONG-VA-SON/README.md
COM-PAINT-03,COM-PAINT,COM,PHO-THONG,Son chui rua pho thong,70000,115000,VND/m2,YES,08-HANG-MUC-CHUNG/03-TUONG-VA-SON/README.md
COM-PAINT-04,COM-PAINT,COM,KHA,Son chong bam ban khang moc,105000,175000,VND/m2,NO,08-HANG-MUC-CHUNG/03-TUONG-VA-SON/README.md
COM-PAINT-05,COM-PAINT,COM,CAO-CAP,Son khoang hieu ung VOC thap,180000,450000,VND/m2,NO,08-HANG-MUC-CHUNG/03-TUONG-VA-SON/README.md
COM-LIGHT-01,COM-LIGHT,COM,KINH-TE,Den op co ban,150000,350000,VND/diem,NO,08-HANG-MUC-CHUNG/04-CHIEU-SANG/README.md
COM-LIGHT-02,COM-LIGHT,COM,PHO-THONG,Downlight hoac op noi chat luong kha,300000,650000,VND/diem,YES,08-HANG-MUC-CHUNG/04-CHIEU-SANG/README.md
COM-LIGHT-03,COM-LIGHT,COM,KHA,Chieu sang phan lop,700000,1800000,VND/diem-nhan,NO,08-HANG-MUC-CHUNG/04-CHIEU-SANG/README.md
COM-LIGHT-04,COM-LIGHT,COM,KHA,LED hat hoac LED tu co profile,350000,900000,VND/md,YES,08-HANG-MUC-CHUNG/04-CHIEU-SANG/README.md
COM-LIGHT-05,COM-LIGHT,COM,CAO-CAP,Den thong minh tunable,800000,2500000,VND/diem-cum,NO,08-HANG-MUC-CHUNG/04-CHIEU-SANG/README.md
COM-ELECTRIC-01,COM-ELECTRIC,COM,GIU-LAI,Kiem tra va giu dien hien huu,120000,300000,VND/diem,YES,08-HANG-MUC-CHUNG/05-DIEN-NGUON-VA-DIEU-KHIEN/README.md
COM-ELECTRIC-02,COM-ELECTRIC,COM,KINH-TE,Bo sung day noi trong nep,250000,500000,VND/diem,NO,08-HANG-MUC-CHUNG/05-DIEN-NGUON-VA-DIEU-KHIEN/README.md
COM-ELECTRIC-03,COM-ELECTRIC,COM,PHO-THONG,Bo sung am cuc bo,400000,800000,VND/diem,NO,08-HANG-MUC-CHUNG/05-DIEN-NGUON-VA-DIEU-KHIEN/README.md
COM-ELECTRIC-04,COM-ELECTRIC,COM,BAT-BUOC,Mach rieng tai lon,1800000,4500000,VND/mach,YES,08-HANG-MUC-CHUNG/05-DIEN-NGUON-VA-DIEU-KHIEN/README.md
COM-ELECTRIC-05,COM-ELECTRIC,COM,CAO-CAP,Dieu khien thong minh,1000000,5000000,VND/mach-cum,NO,08-HANG-MUC-CHUNG/05-DIEN-NGUON-VA-DIEU-KHIEN/README.md
COM-BOARD-01,COM-BOARD,COM,KINH-TE,MFC hoac MDF thuong Melamine,2800000,4000000,VND/m2-mat-tu,NO,08-HANG-MUC-CHUNG/06-VAT-LIEU-DO-GO/README.md
COM-BOARD-02,COM-BOARD,COM,PHO-THONG,MDF chong am Melamine,3500000,5200000,VND/m2-mat-tu,YES,08-HANG-MUC-CHUNG/06-VAT-LIEU-DO-GO/README.md
COM-BOARD-03,COM-BOARD,COM,KHA,MDF chong am Laminate hoac Acrylic,4500000,7000000,VND/m2-mat-tu,NO,08-HANG-MUC-CHUNG/06-VAT-LIEU-DO-GO/README.md
COM-BOARD-04,COM-BOARD,COM,KHA,Plywood phu Laminate hoac Melamine,5500000,8500000,VND/m2-mat-tu,NO,08-HANG-MUC-CHUNG/06-VAT-LIEU-DO-GO/README.md
COM-BOARD-05,COM-BOARD,COM,CHONG-NUOC,WPB PVC nhom inox vung nuoc,6000000,11000000,VND/m2-mat-tu,YES,08-HANG-MUC-CHUNG/06-VAT-LIEU-DO-GO/README.md
COM-HARDWARE-01,COM-HARDWARE,COM,KINH-TE,Phu kien co ban khong giam chan,5,8,PCT-gia-tu,NO,08-HANG-MUC-CHUNG/07-PHU-KIEN-DO-GO/README.md
COM-HARDWARE-02,COM-HARDWARE,COM,PHO-THONG,Phu kien pho thong giam chan,8,13,PCT-gia-tu,YES,08-HANG-MUC-CHUNG/07-PHU-KIEN-DO-GO/README.md
COM-HARDWARE-03,COM-HARDWARE,COM,KHA,Phu kien co tai cong bo,12,20,PCT-gia-tu,YES,08-HANG-MUC-CHUNG/07-PHU-KIEN-DO-GO/README.md
COM-HARDWARE-04,COM-HARDWARE,COM,CAO-CAP,He phu kien cao cap dong bo,18,30,PCT-gia-tu,NO,08-HANG-MUC-CHUNG/07-PHU-KIEN-DO-GO/README.md
COM-HARDWARE-05,COM-HARDWARE,COM,DAC-BIET,Co cau dac biet,25,45,PCT-gia-tu,NO,08-HANG-MUC-CHUNG/07-PHU-KIEN-DO-GO/README.md
COM-AUX-01,COM-AUX,COM,CHUC-NANG,Silicone trung tinh,90000,220000,VND/tuyp,YES,08-HANG-MUC-CHUNG/08-KEO-NEP-VA-VAT-TU-PHU/README.md
COM-AUX-02,COM-AUX,COM,CHUC-NANG,Silicone ve sinh chong moc,160000,350000,VND/tuyp,YES,08-HANG-MUC-CHUNG/08-KEO-NEP-VA-VAT-TU-PHU/README.md
COM-AUX-03,COM-AUX,COM,CHUC-NANG,Keo PU hoac MS polymer,180000,450000,VND/tuyp,YES,08-HANG-MUC-CHUNG/08-KEO-NEP-VA-VAT-TU-PHU/README.md
COM-AUX-04,COM-AUX,COM,CHUC-NANG,Epoxy hai thanh phan,250000,700000,VND/bo,NO,08-HANG-MUC-CHUNG/08-KEO-NEP-VA-VAT-TU-PHU/README.md
COM-AUX-05,COM-AUX,COM,CHUC-NANG,Nep profile hoan thien,80000,500000,VND/md,YES,08-HANG-MUC-CHUNG/08-KEO-NEP-VA-VAT-TU-PHU/README.md
COM-SITE-01,COM-SITE,COM,TU-QUAN-LY,Chu nha tu dieu phoi,1000000,2500000,VND/goi,NO,08-HANG-MUC-CHUNG/09-CHE-CHAN-VAN-CHUYEN-VE-SINH/README.md
COM-SITE-02,COM-SITE,COM,CO-BAN,Che chan co ban,2500000,4000000,VND/goi,NO,08-HANG-MUC-CHUNG/09-CHE-CHAN-VAN-CHUYEN-VE-SINH/README.md
COM-SITE-03,COM-SITE,COM,PHO-THONG,Goi chung cu tieu chuan,4000000,7000000,VND/goi,YES,08-HANG-MUC-CHUNG/09-CHE-CHAN-VAN-CHUYEN-VE-SINH/README.md
COM-SITE-04,COM-SITE,COM,NANG,Goi co thao do bui,7000000,12000000,VND/goi,NO,08-HANG-MUC-CHUNG/09-CHE-CHAN-VAN-CHUYEN-VE-SINH/README.md
COM-SITE-05,COM-SITE,COM,CAO-CAP,Cong trinh dang o tieu chuan cao,10000000,20000000,VND/goi,NO,08-HANG-MUC-CHUNG/09-CHE-CHAN-VAN-CHUYEN-VE-SINH/README.md
ENT-SHOE-01,ENT-SHOE,ENT,KINH-TE,Ke giay roi mo,800000,2000000,VND/bo,NO,01-SANH-VA-LOI-VAO/01-TU-GIAY/README.md
ENT-SHOE-02,ENT-SHOE,ENT,PHO-THONG,Tu mua san thap,2000000,4500000,VND/bo,NO,01-SANH-VA-LOI-VAO/01-TU-GIAY/README.md
ENT-SHOE-03,ENT-SHOE,ENT,PHO-THONG,Tu dong thap MDF chong am,4000000,6500000,VND/bo,NO,01-SANH-VA-LOI-VAO/01-TU-GIAY/README.md
ENT-SHOE-04,ENT-SHOE,ENT,KHA,Tu cao kich tran,5500000,9000000,VND/bo,YES,01-SANH-VA-LOI-VAO/01-TU-GIAY/README.md
ENT-SHOE-05,ENT-SHOE,ENT,CAO-CAP,He sanh tich hop ghe tu do,8000000,15000000,VND/bo,NO,01-SANH-VA-LOI-VAO/01-TU-GIAY/README.md
ENT-ACC-01,ENT-ACC,ENT,KINH-TE,Guong don,500000,1300000,VND/bo,NO,01-SANH-VA-LOI-VAO/02-GUONG-GHE-SANH/README.md
ENT-ACC-02,ENT-ACC,ENT,PHO-THONG,Guong va ke noi,1200000,2800000,VND/bo,YES,01-SANH-VA-LOI-VAO/02-GUONG-GHE-SANH/README.md
ENT-ACC-03,ENT-ACC,ENT,PHO-THONG,Ghe roi va guong,2000000,4500000,VND/bo,NO,01-SANH-VA-LOI-VAO/02-GUONG-GHE-SANH/README.md
ENT-ACC-04,ENT-ACC,ENT,KHA,Ghe tich hop tu,3500000,7000000,VND/bo,NO,01-SANH-VA-LOI-VAO/02-GUONG-GHE-SANH/README.md
ENT-ACC-05,ENT-ACC,ENT,CAO-CAP,Op sanh hoan chinh,7000000,14000000,VND/bo,NO,01-SANH-VA-LOI-VAO/02-GUONG-GHE-SANH/README.md
LIV-SOFA-01,LIV-SOFA,LIV,KINH-TE,Sofa compact pho thong,4500000,7500000,VND/bo,NO,02-PHONG-KHACH/01-SOFA/README.md
LIV-SOFA-02,LIV-SOFA,LIV,PHO-THONG,Sofa vai thang trung cap,8000000,13000000,VND/bo,YES,02-PHONG-KHACH/01-SOFA/README.md
LIV-SOFA-03,LIV-SOFA,LIV,KHA,Sofa module gon,12000000,22000000,VND/bo,NO,02-PHONG-KHACH/01-SOFA/README.md
LIV-SOFA-04,LIV-SOFA,LIV,KHA,Sofa microfiber hoac da cong nghiep,15000000,28000000,VND/bo,NO,02-PHONG-KHACH/01-SOFA/README.md
LIV-SOFA-05,LIV-SOFA,LIV,CAO-CAP,Sofa da that,30000000,70000000,VND/bo,NO,02-PHONG-KHACH/01-SOFA/README.md
LIV-TABLE-01,LIV-TABLE,LIV,KINH-TE,Ban phu hoac ban long,800000,2000000,VND/bo,YES,02-PHONG-KHACH/02-BAN-TRA/README.md
LIV-TABLE-02,LIV-TABLE,LIV,PHO-THONG,Ban MDF Melamine bo goc,1500000,3500000,VND/bo,NO,02-PHONG-KHACH/02-BAN-TRA/README.md
LIV-TABLE-03,LIV-TABLE,LIV,PHO-THONG,Ban kim loai kinh cuong luc,2500000,5500000,VND/bo,NO,02-PHONG-KHACH/02-BAN-TRA/README.md
LIV-TABLE-04,LIV-TABLE,LIV,KHA,Ban mat ceramic sintered,4500000,9000000,VND/bo,NO,02-PHONG-KHACH/02-BAN-TRA/README.md
LIV-TABLE-05,LIV-TABLE,LIV,CAO-CAP,Ban go tu nhien,6000000,15000000,VND/bo,NO,02-PHONG-KHACH/02-BAN-TRA/README.md
LIV-TVUNIT-01,LIV-TVUNIT,LIV,KINH-TE,Ke TV mua san,2500000,5000000,VND/bo,NO,02-PHONG-KHACH/03-KE-VA-MANG-TV/README.md
LIV-TVUNIT-02,LIV-TVUNIT,LIV,PHO-THONG,Ke treo dong theo do,4000000,7000000,VND/bo,YES,02-PHONG-KHACH/03-KE-VA-MANG-TV/README.md
LIV-TVUNIT-03,LIV-TVUNIT,LIV,PHO-THONG,Tuong son ke va di day,5000000,9000000,VND/bo,YES,02-PHONG-KHACH/03-KE-VA-MANG-TV/README.md
LIV-TVUNIT-04,LIV-TVUNIT,LIV,KHA,Tam op Melamine Laminate tiet che,9000000,16000000,VND/bo,NO,02-PHONG-KHACH/03-KE-VA-MANG-TV/README.md
LIV-TVUNIT-05,LIV-TVUNIT,LIV,CAO-CAP,Da sintered va he tu,18000000,40000000,VND/bo,NO,02-PHONG-KHACH/03-KE-VA-MANG-TV/README.md
LIV-TV-01,LIV-TV,LIV,KINH-TE,TV 43 inch Full HD hoac 4K,5900000,8500000,VND/thiet-bi,NO,02-PHONG-KHACH/04-TV/README.md
LIV-TV-02,LIV-TV,LIV,PHO-THONG,TV 50 inch 4K,8000000,12000000,VND/thiet-bi,YES,02-PHONG-KHACH/04-TV/README.md
LIV-TV-03,LIV-TV,LIV,KHA,TV 55 inch 4K hoac QLED co ban,9000000,16000000,VND/thiet-bi,YES,02-PHONG-KHACH/04-TV/README.md
LIV-TV-04,LIV-TV,LIV,CAO-CAP,TV 55 inch QLED hoac Mini LED,15000000,28000000,VND/thiet-bi,NO,02-PHONG-KHACH/04-TV/README.md
LIV-TV-05,LIV-TV,LIV,PREMIUM,TV OLED 55 inch,28000000,50000000,VND/thiet-bi,NO,02-PHONG-KHACH/04-TV/README.md
LIV-CURTAIN-01,LIV-CURTAIN,LIV,KINH-TE,Rem can sang mot lop,650000,1200000,VND/md-ngang,NO,02-PHONG-KHACH/05-REM/README.md
LIV-CURTAIN-02,LIV-CURTAIN,LIV,PHO-THONG,Rem hai lop pho thong,1000000,1800000,VND/md-ngang,YES,02-PHONG-KHACH/05-REM/README.md
LIV-CURTAIN-03,LIV-CURTAIN,LIV,KHA,Rem hai lop vai kha,1800000,3000000,VND/md-ngang,NO,02-PHONG-KHACH/05-REM/README.md
LIV-CURTAIN-04,LIV-CURTAIN,LIV,CHUC-NANG,Rem cuon hoac roman,800000,1800000,VND/m2,NO,02-PHONG-KHACH/05-REM/README.md
LIV-CURTAIN-05,LIV-CURTAIN,LIV,CAO-CAP,Rem motor,4000000,10000000,VND/bo-cua-tang-them,NO,02-PHONG-KHACH/05-REM/README.md
LIV-CLIMATE-01,LIV-CLIMATE,LIV,KINH-TE,Quat dung tuan hoan,700000,2500000,VND/thiet-bi,NO,02-PHONG-KHACH/06-DIEU-HOA-VA-QUAT/README.md
LIV-CLIMATE-02,LIV-CLIMATE,LIV,PHO-THONG,Quat tran,2500000,7000000,VND/thiet-bi,YES,02-PHONG-KHACH/06-DIEU-HOA-VA-QUAT/README.md
LIV-CLIMATE-03,LIV-CLIMATE,LIV,KINH-TE,Dieu hoa 1HP inverter pho thong,5500000,9000000,VND/thiet-bi,NO,02-PHONG-KHACH/06-DIEU-HOA-VA-QUAT/README.md
LIV-CLIMATE-04,LIV-CLIMATE,LIV,PHO-THONG,Dieu hoa 1.5HP inverter trung cap,8000000,15000000,VND/thiet-bi,YES,02-PHONG-KHACH/06-DIEU-HOA-VA-QUAT/README.md
LIV-CLIMATE-05,LIV-CLIMATE,LIV,CAO-CAP,Dieu hoa cao cap loc khi WiFi,15000000,25000000,VND/thiet-bi,NO,02-PHONG-KHACH/06-DIEU-HOA-VA-QUAT/README.md
KIT-CAB-01,KIT-CAB,KIT,GIU-LAI,Sua hoac giu tu hien huu,1000000,6000000,VND/goi,NO,03-BEP-VA-PHONG-AN/01-TU-BEP/README.md
KIT-CAB-02,KIT-CAB,KIT,KINH-TE,Tu bep MFC MDF kinh te,6500000,8500000,VND/md-tuyen,NO,03-BEP-VA-PHONG-AN/01-TU-BEP/README.md
KIT-CAB-03,KIT-CAB,KIT,PHO-THONG,Tu bep MDF chong am Melamine,8000000,11000000,VND/md-tuyen,NO,03-BEP-VA-PHONG-AN/01-TU-BEP/README.md
KIT-CAB-04,KIT-CAB,KIT,KHUYEN-NGHI,Tu hybrid MDF va WPB PVC khoang uot,9500000,13000000,VND/md-tuyen,YES,03-BEP-VA-PHONG-AN/01-TU-BEP/README.md
KIT-CAB-05,KIT-CAB,KIT,KHA,Tu bep Plywood Laminate,12000000,18000000,VND/md-tuyen,NO,03-BEP-VA-PHONG-AN/01-TU-BEP/README.md
KIT-CAB-06,KIT-CAB,KIT,CAO-CAP,Tu bep inox nhom WPB,15000000,24000000,VND/md-tuyen,NO,03-BEP-VA-PHONG-AN/01-TU-BEP/README.md
KIT-TOP-01,KIT-TOP,KIT,KINH-TE,Granite pho thong va gach op,2200000,3500000,VND/md-mat-ban,NO,03-BEP-VA-PHONG-AN/02-MAT-BAN-VA-OP-BEP/README.md
KIT-TOP-02,KIT-TOP,KIT,PHO-THONG,Granite tot va kinh cuong luc op,3000000,4800000,VND/md-mat-ban,YES,03-BEP-VA-PHONG-AN/02-MAT-BAN-VA-OP-BEP/README.md
KIT-TOP-03,KIT-TOP,KIT,KHA,Quartz nhan tao,4500000,7500000,VND/md-mat-ban,NO,03-BEP-VA-PHONG-AN/02-MAT-BAN-VA-OP-BEP/README.md
KIT-TOP-04,KIT-TOP,KIT,CAO-CAP,Da nung sintered slab,6500000,11000000,VND/md-mat-ban,NO,03-BEP-VA-PHONG-AN/02-MAT-BAN-VA-OP-BEP/README.md
KIT-TOP-05,KIT-TOP,KIT,DAC-THU,Solid surface hoac inox,5000000,10000000,VND/md-mat-ban,NO,03-BEP-VA-PHONG-AN/02-MAT-BAN-VA-OP-BEP/README.md
KIT-HDW-01,KIT-HDW,KIT,KINH-TE,Goi phu kien toi thieu,1000000,2500000,VND/goi,NO,03-BEP-VA-PHONG-AN/03-PHU-KIEN-TU-BEP/README.md
KIT-HDW-02,KIT-HDW,KIT,PHO-THONG,Goi co ban giam chan,2500000,5000000,VND/goi,YES,03-BEP-VA-PHONG-AN/03-PHU-KIEN-TU-BEP/README.md
KIT-HDW-03,KIT-HDW,KIT,KHA,Goi trung cap co tai cong bo,5000000,9000000,VND/goi,NO,03-BEP-VA-PHONG-AN/03-PHU-KIEN-TU-BEP/README.md
KIT-HDW-04,KIT-HDW,KIT,CAO-CAP,Pantry hoac tay nang chon loc,9000000,16000000,VND/goi,NO,03-BEP-VA-PHONG-AN/03-PHU-KIEN-TU-BEP/README.md
KIT-HDW-05,KIT-HDW,KIT,PREMIUM,He cao cap goc thong minh,16000000,35000000,VND/goi,NO,03-BEP-VA-PHONG-AN/03-PHU-KIEN-TU-BEP/README.md
KIT-SINK-01,KIT-SINK,KIT,KINH-TE,Chau inox co ban va voi,1500000,2800000,VND/bo,NO,03-BEP-VA-PHONG-AN/04-CHAU-VA-VOI/README.md
KIT-SINK-02,KIT-SINK,KIT,PHO-THONG,Chau inox 304 mot ho va voi,2800000,4800000,VND/bo,YES,03-BEP-VA-PHONG-AN/04-CHAU-VA-VOI/README.md
KIT-SINK-03,KIT-SINK,KIT,KHA,Chau handmade 304 va voi rut,4500000,7500000,VND/bo,NO,03-BEP-VA-PHONG-AN/04-CHAU-VA-VOI/README.md
KIT-SINK-04,KIT-SINK,KIT,CAO-CAP,Chau granite composite va voi,6000000,10000000,VND/bo,NO,03-BEP-VA-PHONG-AN/04-CHAU-VA-VOI/README.md
KIT-SINK-05,KIT-SINK,KIT,PREMIUM,He chau workstation,10000000,20000000,VND/bo,NO,03-BEP-VA-PHONG-AN/04-CHAU-VA-VOI/README.md
KIT-HOB-01,KIT-HOB,KIT,TAM-THOI,Bep tu don dat noi,800000,2000000,VND/thiet-bi,NO,03-BEP-VA-PHONG-AN/05-BEP-TU/README.md
KIT-HOB-02,KIT-HOB,KIT,KINH-TE,Bep tu doi co ban,3000000,5500000,VND/thiet-bi,NO,03-BEP-VA-PHONG-AN/05-BEP-TU/README.md
KIT-HOB-03,KIT-HOB,KIT,PHO-THONG,Bep tu doi inverter trung cap,5500000,9000000,VND/thiet-bi,YES,03-BEP-VA-PHONG-AN/05-BEP-TU/README.md
KIT-HOB-04,KIT-HOB,KIT,KHA,Bep tu doi linh kien cao,9000000,17000000,VND/thiet-bi,NO,03-BEP-VA-PHONG-AN/05-BEP-TU/README.md
KIT-HOB-05,KIT-HOB,KIT,CAO-CAP,Bep tu ba vung,15000000,35000000,VND/thiet-bi,NO,03-BEP-VA-PHONG-AN/05-BEP-TU/README.md
KIT-HOOD-01,KIT-HOOD,KIT,KINH-TE,Hut mui am tu co ban,2000000,3200000,VND/thiet-bi,NO,03-BEP-VA-PHONG-AN/06-HUT-MUI/README.md
KIT-HOOD-02,KIT-HOOD,KIT,PHO-THONG,Hut mui am tu trung cap,3200000,5500000,VND/thiet-bi,YES,03-BEP-VA-PHONG-AN/06-HUT-MUI/README.md
KIT-HOOD-03,KIT-HOOD,KIT,PHO-THONG,Hut mui ap tuong kinh cong,3000000,7000000,VND/thiet-bi,NO,03-BEP-VA-PHONG-AN/06-HUT-MUI/README.md
KIT-HOOD-04,KIT-HOOD,KIT,KHA,Hut mui kinh vat hoac ong khoi,6000000,12000000,VND/thiet-bi,NO,03-BEP-VA-PHONG-AN/06-HUT-MUI/README.md
KIT-HOOD-05,KIT-HOOD,KIT,PREMIUM,Hut mui am ban tran,20000000,60000000,VND/thiet-bi,NO,03-BEP-VA-PHONG-AN/06-HUT-MUI/README.md
KIT-DINING-01,KIT-DINING,KIT,KINH-TE,Bo ban an kinh te,3500000,6000000,VND/bo,NO,03-BEP-VA-PHONG-AN/07-BAN-GHE-AN/README.md
KIT-DINING-02,KIT-DINING,KIT,PHO-THONG,Bo ban an pho thong gon,6000000,10000000,VND/bo,YES,03-BEP-VA-PHONG-AN/07-BAN-GHE-AN/README.md
KIT-DINING-03,KIT-DINING,KIT,KHA,Ban mo rong va bon ghe,9000000,16000000,VND/bo,NO,03-BEP-VA-PHONG-AN/07-BAN-GHE-AN/README.md
KIT-DINING-04,KIT-DINING,KIT,CAO-CAP,Bo go tu nhien trung cap,15000000,28000000,VND/bo,NO,03-BEP-VA-PHONG-AN/07-BAN-GHE-AN/README.md
KIT-DINING-05,KIT-DINING,KIT,PREMIUM,Bo thiet ke cao cap,28000000,60000000,VND/bo,NO,03-BEP-VA-PHONG-AN/07-BAN-GHE-AN/README.md
KIT-FRIDGE-01,KIT-FRIDGE,KIT,KINH-TE,Tu lanh hai cua 180-250L,4500000,7500000,VND/thiet-bi,NO,03-BEP-VA-PHONG-AN/08-TU-LANH/README.md
KIT-FRIDGE-02,KIT-FRIDGE,KIT,PHO-THONG,Tu lanh inverter 250-350L,7000000,12000000,VND/thiet-bi,YES,03-BEP-VA-PHONG-AN/08-TU-LANH/README.md
KIT-FRIDGE-03,KIT-FRIDGE,KIT,KHA,Tu lanh 350-450L ngan da duoi,12000000,19000000,VND/thiet-bi,NO,03-BEP-VA-PHONG-AN/08-TU-LANH/README.md
KIT-FRIDGE-04,KIT-FRIDGE,KIT,CAO-CAP,Tu lanh multi-door 450-550L,18000000,32000000,VND/thiet-bi,NO,03-BEP-VA-PHONG-AN/08-TU-LANH/README.md
KIT-FRIDGE-05,KIT-FRIDGE,KIT,PREMIUM,Tu lanh side-by-side premium,30000000,70000000,VND/thiet-bi,NO,03-BEP-VA-PHONG-AN/08-TU-LANH/README.md
BR1-BED-01,BR1-BED,BR1,KINH-TE,Khung co ban va nem foam,7000000,11000000,VND/bo,NO,04-PHONG-NGU-01/01-GIUONG-VA-NEM/README.md
BR1-BED-02,BR1-BED,BR1,PHO-THONG,Giuong MDF va nem foam tot,11000000,17000000,VND/bo,YES,04-PHONG-NGU-01/01-GIUONG-VA-NEM/README.md
BR1-BED-03,BR1-BED,BR1,KHA,Giuong hoc keo va nem lo xo tui,16000000,25000000,VND/bo,NO,04-PHONG-NGU-01/01-GIUONG-VA-NEM/README.md
BR1-BED-04,BR1-BED,BR1,CAO-CAP,Go tu nhien va nem latex tui,25000000,42000000,VND/bo,NO,04-PHONG-NGU-01/01-GIUONG-VA-NEM/README.md
BR1-BED-05,BR1-BED,BR1,PREMIUM,He giuong nem cao cap custom,42000000,80000000,VND/bo,NO,04-PHONG-NGU-01/01-GIUONG-VA-NEM/README.md
BR1-WARD-01,BR1-WARD,BR1,KINH-TE,Tu ao mua san MFC,5000000,9000000,VND/bo,NO,04-PHONG-NGU-01/02-TU-AO/README.md
BR1-WARD-02,BR1-WARD,BR1,KINH-TE,Tu ao dong MFC MDF kinh te,8000000,12000000,VND/bo,NO,04-PHONG-NGU-01/02-TU-AO/README.md
BR1-WARD-03,BR1-WARD,BR1,PHO-THONG,Tu ao MDF chong am Melamine,11000000,17000000,VND/bo,YES,04-PHONG-NGU-01/02-TU-AO/README.md
BR1-WARD-04,BR1-WARD,BR1,KHA,Tu ao Laminate Acrylic Plywood,17000000,27000000,VND/bo,NO,04-PHONG-NGU-01/02-TU-AO/README.md
BR1-WARD-05,BR1-WARD,BR1,CAO-CAP,Tu ao canh kinh nhom,27000000,45000000,VND/bo,NO,04-PHONG-NGU-01/02-TU-AO/README.md
BR1-AUX-01,BR1-AUX,BR1,KINH-TE,Mot tab mua san,800000,2000000,VND/bo,NO,04-PHONG-NGU-01/03-TAB-VA-BAN-TRANG-DIEM/README.md
BR1-AUX-02,BR1-AUX,BR1,PHO-THONG,Tab treo va guong,1800000,3800000,VND/bo,YES,04-PHONG-NGU-01/03-TAB-VA-BAN-TRANG-DIEM/README.md
BR1-AUX-03,BR1-AUX,BR1,PHO-THONG,Ban trang diem treo gon,3000000,6500000,VND/bo,NO,04-PHONG-NGU-01/03-TAB-VA-BAN-TRANG-DIEM/README.md
BR1-AUX-04,BR1-AUX,BR1,KHA,Combo hai tab va ban trang diem,6000000,11000000,VND/bo,NO,04-PHONG-NGU-01/03-TAB-VA-BAN-TRANG-DIEM/README.md
BR1-AUX-05,BR1-AUX,BR1,CAO-CAP,He boc da LED cao cap,12000000,22000000,VND/bo,NO,04-PHONG-NGU-01/03-TAB-VA-BAN-TRANG-DIEM/README.md
BR1-CURTAIN-01,BR1-CURTAIN,BR1,KINH-TE,Rem can sang mot lop,600000,1100000,VND/md-ngang,NO,04-PHONG-NGU-01/04-REM/README.md
BR1-CURTAIN-02,BR1-CURTAIN,BR1,PHO-THONG,Rem hai lop,950000,1700000,VND/md-ngang,YES,04-PHONG-NGU-01/04-REM/README.md
BR1-CURTAIN-03,BR1-CURTAIN,BR1,CHUC-NANG,Rem cuon blackout,800000,1500000,VND/m2,NO,04-PHONG-NGU-01/04-REM/README.md
BR1-CURTAIN-04,BR1-CURTAIN,BR1,KHA,Rem to ong hoac roman,1400000,2800000,VND/m2,NO,04-PHONG-NGU-01/04-REM/README.md
BR1-CURTAIN-05,BR1-CURTAIN,BR1,CAO-CAP,Rem motor,4000000,9000000,VND/bo-cua-tang-them,NO,04-PHONG-NGU-01/04-REM/README.md
BR1-CLIMATE-01,BR1-CLIMATE,BR1,KINH-TE,Dieu hoa mono 1HP,5000000,7500000,VND/thiet-bi,NO,04-PHONG-NGU-01/05-DIEU-HOA/README.md
BR1-CLIMATE-02,BR1-CLIMATE,BR1,KINH-TE,Dieu hoa inverter 1HP kinh te,5500000,8000000,VND/thiet-bi,NO,04-PHONG-NGU-01/05-DIEU-HOA/README.md
BR1-CLIMATE-03,BR1-CLIMATE,BR1,PHO-THONG,Dieu hoa inverter 1HP trung cap,8000000,13000000,VND/thiet-bi,YES,04-PHONG-NGU-01/05-DIEU-HOA/README.md
BR1-CLIMATE-04,BR1-CLIMATE,BR1,CAO-CAP,Dieu hoa 1HP loc khi WiFi,13000000,18000000,VND/thiet-bi,NO,04-PHONG-NGU-01/05-DIEU-HOA/README.md
BR1-CLIMATE-05,BR1-CLIMATE,BR1,THEO-TAI,Dieu hoa 1.5HP,8000000,20000000,VND/thiet-bi,NO,04-PHONG-NGU-01/05-DIEU-HOA/README.md
BR2-BED-01,BR2-BED,BR2,KINH-TE,Giuong don 1.2m va nem foam,5500000,9000000,VND/bo,YES,05-PHONG-NGU-02/01-GIUONG-VA-NEM/README.md
BR2-BED-02,BR2-BED,BR2,PHO-THONG,Giuong 1.4m va nem foam tot,8000000,13000000,VND/bo,YES,05-PHONG-NGU-02/01-GIUONG-VA-NEM/README.md
BR2-BED-03,BR2-BED,BR2,KHA,Giuong hoc keo,10000000,17000000,VND/bo,NO,05-PHONG-NGU-02/01-GIUONG-VA-NEM/README.md
BR2-BED-04,BR2-BED,BR2,DANANG,Daybed hoac giuong keo,12000000,20000000,VND/bo,NO,05-PHONG-NGU-02/01-GIUONG-VA-NEM/README.md
BR2-BED-05,BR2-BED,BR2,DAC-BIET,Giuong tang hoac loft custom,18000000,35000000,VND/bo,NO,05-PHONG-NGU-02/01-GIUONG-VA-NEM/README.md
BR2-WARD-01,BR2-WARD,BR2,KINH-TE,Tu ao mua san,3500000,7000000,VND/bo,NO,05-PHONG-NGU-02/02-TU-AO/README.md
BR2-WARD-02,BR2-WARD,BR2,KINH-TE,Tu ao dong kinh te,6000000,9000000,VND/bo,NO,05-PHONG-NGU-02/02-TU-AO/README.md
BR2-WARD-03,BR2-WARD,BR2,PHO-THONG,Tu MDF chong am cao gan tran,8500000,13000000,VND/bo,YES,05-PHONG-NGU-02/02-TU-AO/README.md
BR2-WARD-04,BR2-WARD,BR2,KHA,Tu canh lua,11000000,17000000,VND/bo,NO,05-PHONG-NGU-02/02-TU-AO/README.md
BR2-WARD-05,BR2-WARD,BR2,CAO-CAP,Tu tich hop ban hoac giuong,16000000,28000000,VND/bo,NO,05-PHONG-NGU-02/02-TU-AO/README.md
BR2-DESK-01,BR2-DESK,BR2,KINH-TE,Ban roi co ban,1000000,2500000,VND/bo,NO,05-PHONG-NGU-02/03-BAN-HOC-VA-KE/README.md
BR2-DESK-02,BR2-DESK,BR2,PHO-THONG,Ban roi tot va ke nho,2500000,5000000,VND/bo,YES,05-PHONG-NGU-02/03-BAN-HOC-VA-KE/README.md
BR2-DESK-03,BR2-DESK,BR2,PHO-THONG,Ban treo dong theo do,3000000,6000000,VND/bo,NO,05-PHONG-NGU-02/03-BAN-HOC-VA-KE/README.md
BR2-DESK-04,BR2-DESK,BR2,KHA,Ban va ke tich hop,6000000,11000000,VND/bo,NO,05-PHONG-NGU-02/03-BAN-HOC-VA-KE/README.md
BR2-DESK-05,BR2-DESK,BR2,CAO-CAP,Ban nang ha,8000000,18000000,VND/bo,NO,05-PHONG-NGU-02/03-BAN-HOC-VA-KE/README.md
BR2-CURTAIN-01,BR2-CURTAIN,BR2,KINH-TE,Rem mot lop can sang,550000,1000000,VND/md-ngang,YES,05-PHONG-NGU-02/04-REM/README.md
BR2-CURTAIN-02,BR2-CURTAIN,BR2,PHO-THONG,Rem hai lop,950000,1700000,VND/md-ngang,NO,05-PHONG-NGU-02/04-REM/README.md
BR2-CURTAIN-03,BR2-CURTAIN,BR2,CHUC-NANG,Rem cuon blackout,750000,1400000,VND/m2,NO,05-PHONG-NGU-02/04-REM/README.md
BR2-CURTAIN-04,BR2-CURTAIN,BR2,KHA,Rem roman hoac to ong,1300000,2600000,VND/m2,NO,05-PHONG-NGU-02/04-REM/README.md
BR2-CURTAIN-05,BR2-CURTAIN,BR2,CAO-CAP,Rem motor,4000000,9000000,VND/bo-cua-tang-them,NO,05-PHONG-NGU-02/04-REM/README.md
BR2-CLIMATE-01,BR2-CLIMATE,BR2,KINH-TE,Dieu hoa mono 1HP,5000000,7500000,VND/thiet-bi,NO,05-PHONG-NGU-02/05-DIEU-HOA/README.md
BR2-CLIMATE-02,BR2-CLIMATE,BR2,KINH-TE,Dieu hoa inverter 1HP kinh te,5500000,8000000,VND/thiet-bi,YES,05-PHONG-NGU-02/05-DIEU-HOA/README.md
BR2-CLIMATE-03,BR2-CLIMATE,BR2,PHO-THONG,Dieu hoa inverter 1HP trung cap,8000000,13000000,VND/thiet-bi,YES,05-PHONG-NGU-02/05-DIEU-HOA/README.md
BR2-CLIMATE-04,BR2-CLIMATE,BR2,CAO-CAP,Dieu hoa loc khi WiFi,13000000,18000000,VND/thiet-bi,NO,05-PHONG-NGU-02/05-DIEU-HOA/README.md
BR2-CLIMATE-05,BR2-CLIMATE,BR2,HE-THONG,Dieu hoa multi-split,22000000,45000000,VND/he-nhieu-phong,NO,05-PHONG-NGU-02/05-DIEU-HOA/README.md
BAT-WP-01,BAT-WP,BAT,GIU-LAI,Kiem tra va giu he chong tham,500000,1500000,VND/goi,YES,06-PHONG-TAM/01-CHONG-THAM-VA-THOAT-SAN/README.md
BAT-WP-02,BAT-WP,BAT,SUA-NHE,Thay ron silicone cuc bo,1200000,3000000,VND/goi,NO,06-PHONG-TAM/01-CHONG-THAM-VA-THOAT-SAN/README.md
BAT-WP-03,BAT-WP,BAT,SUA-CUC-BO,Sua co ong hoac pheu,3000000,7000000,VND/goi,NO,06-PHONG-TAM/01-CHONG-THAM-VA-THOAT-SAN/README.md
BAT-WP-04,BAT-WP,BAT,LAM-LAI,Chong tham lai toan san,9000000,16000000,VND/goi,NO,06-PHONG-TAM/01-CHONG-THAM-VA-THOAT-SAN/README.md
BAT-WP-05,BAT-WP,BAT,CAO-CAP,He mang chong tham cao cap,15000000,28000000,VND/goi,NO,06-PHONG-TAM/01-CHONG-THAM-VA-THOAT-SAN/README.md
BAT-SCREEN-01,BAT-SCREEN,BAT,KINH-TE,Rem tam va thanh,500000,1300000,VND/bo,NO,06-PHONG-TAM/02-VACH-TAM/README.md
BAT-SCREEN-02,BAT-SCREEN,BAT,PHO-THONG,Tam kinh co dinh,2500000,4000000,VND/bo,YES,06-PHONG-TAM/02-VACH-TAM/README.md
BAT-SCREEN-03,BAT-SCREEN,BAT,PHO-THONG,Cua kinh mo quay,3500000,5500000,VND/bo,YES,06-PHONG-TAM/02-VACH-TAM/README.md
BAT-SCREEN-04,BAT-SCREEN,BAT,KHA,Cua kinh lua,5000000,8000000,VND/bo,NO,06-PHONG-TAM/02-VACH-TAM/README.md
BAT-SCREEN-05,BAT-SCREEN,BAT,CAO-CAP,Vach frameless cao cap,8000000,14000000,VND/bo,NO,06-PHONG-TAM/02-VACH-TAM/README.md
BAT-VANITY-01,BAT-VANITY,BAT,KINH-TE,Guong va ke giu chau,1000000,2500000,VND/bo,NO,06-PHONG-TAM/03-TU-CHAU-VA-TU-GUONG/README.md
BAT-VANITY-02,BAT-VANITY,BAT,PHO-THONG,Tu guong PVC hoac nhom,2500000,5000000,VND/bo,YES,06-PHONG-TAM/03-TU-CHAU-VA-TU-GUONG/README.md
BAT-VANITY-03,BAT-VANITY,BAT,PHO-THONG,Tu duoi chau PVC hoac nhom,3500000,6500000,VND/bo,YES,06-PHONG-TAM/03-TU-CHAU-VA-TU-GUONG/README.md
BAT-VANITY-04,BAT-VANITY,BAT,KHA,Bo tu chau guong WPB custom,7000000,12000000,VND/bo,NO,06-PHONG-TAM/03-TU-CHAU-VA-TU-GUONG/README.md
BAT-VANITY-05,BAT-VANITY,BAT,CAO-CAP,He da solid surface cao cap,13000000,25000000,VND/bo,NO,06-PHONG-TAM/03-TU-CHAU-VA-TU-GUONG/README.md
BAT-SANITARY-01,BAT-SANITARY,BAT,GIU-LAI,Giu va bao duong thiet bi,500000,1800000,VND/goi,YES,06-PHONG-TAM/04-BON-CAU-LAVABO/README.md
BAT-SANITARY-02,BAT-SANITARY,BAT,KINH-TE,Combo bon cau lavabo pho thong,4000000,7000000,VND/bo,NO,06-PHONG-TAM/04-BON-CAU-LAVABO/README.md
BAT-SANITARY-03,BAT-SANITARY,BAT,PHO-THONG,Combo bon cau lavabo trung cap,7000000,14000000,VND/bo,YES,06-PHONG-TAM/04-BON-CAU-LAVABO/README.md
BAT-SANITARY-04,BAT-SANITARY,BAT,CAO-CAP,Bon cau treo tuong,16000000,32000000,VND/bo,NO,06-PHONG-TAM/04-BON-CAU-LAVABO/README.md
BAT-SANITARY-05,BAT-SANITARY,BAT,PREMIUM,Bon cau dien tu smart,25000000,70000000,VND/bo,NO,06-PHONG-TAM/04-BON-CAU-LAVABO/README.md
BAT-SHOWER-01,BAT-SHOWER,BAT,GIU-LAI,Giu va sua sen ban giao,500000,1500000,VND/goi,YES,06-PHONG-TAM/05-SEN-VOI/README.md
BAT-SHOWER-02,BAT-SHOWER,BAT,KINH-TE,Sen co pho thong,1500000,3500000,VND/thiet-bi,NO,06-PHONG-TAM/05-SEN-VOI/README.md
BAT-SHOWER-03,BAT-SHOWER,BAT,PHO-THONG,Sen co trung cap,3500000,7000000,VND/thiet-bi,YES,06-PHONG-TAM/05-SEN-VOI/README.md
BAT-SHOWER-04,BAT-SHOWER,BAT,KHA,Sen nhiet hoac rain shower,7000000,16000000,VND/thiet-bi,NO,06-PHONG-TAM/05-SEN-VOI/README.md
BAT-SHOWER-05,BAT-SHOWER,BAT,CAO-CAP,Sen am tuong premium,16000000,40000000,VND/thiet-bi,NO,06-PHONG-TAM/05-SEN-VOI/README.md
BAT-VENT-01,BAT-VENT,BAT,GIU-LAI,Ve sinh cua gio hien co,300000,800000,VND/goi,YES,06-PHONG-TAM/06-QUAT-HUT/README.md
BAT-VENT-02,BAT-VENT,BAT,KINH-TE,Quat gan tuong co ban,700000,1500000,VND/thiet-bi,NO,06-PHONG-TAM/06-QUAT-HUT/README.md
BAT-VENT-03,BAT-VENT,BAT,PHO-THONG,Quat am tran noi ong,1200000,3000000,VND/thiet-bi,YES,06-PHONG-TAM/06-QUAT-HUT/README.md
BAT-VENT-04,BAT-VENT,BAT,KHA,Quat timer hoac cam bien am,2500000,5000000,VND/thiet-bi,NO,06-PHONG-TAM/06-QUAT-HUT/README.md
BAT-VENT-05,BAT-VENT,BAT,CAO-CAP,Quat ap cao sieu em,4000000,8000000,VND/thiet-bi,NO,06-PHONG-TAM/06-QUAT-HUT/README.md
BAT-ACC-01,BAT-ACC,BAT,KINH-TE,Goi phu kien co ban,500000,1200000,VND/goi,NO,06-PHONG-TAM/07-PHU-KIEN/README.md
BAT-ACC-02,BAT-ACC,BAT,PHO-THONG,Goi inox 304 pho thong,1200000,2800000,VND/goi,YES,06-PHONG-TAM/07-PHU-KIEN/README.md
BAT-ACC-03,BAT-ACC,BAT,KHA,Bo dong bo trung cap,2800000,5500000,VND/goi,NO,06-PHONG-TAM/07-PHU-KIEN/README.md
BAT-ACC-04,BAT-ACC,BAT,CHUC-NANG,Phu kien khong khoan,1500000,4000000,VND/goi,NO,06-PHONG-TAM/07-PHU-KIEN/README.md
BAT-ACC-05,BAT-ACC,BAT,TIEP-CAN,Phu kien ho tro tiep can,5000000,15000000,VND/goi,NO,06-PHONG-TAM/07-PHU-KIEN/README.md
LOG-WASHER-01,LOG-WASHER,LOG,KINH-TE,May giat cua tren 8-9kg,4000000,6500000,VND/thiet-bi,NO,07-LO-GIA/01-MAY-GIAT/README.md
LOG-WASHER-02,LOG-WASHER,LOG,PHO-THONG,May cua ngang inverter 8-9kg,5500000,8000000,VND/thiet-bi,YES,07-LO-GIA/01-MAY-GIAT/README.md
LOG-WASHER-03,LOG-WASHER,LOG,KHA,May cua ngang 9-10kg trung cap,8000000,13000000,VND/thiet-bi,NO,07-LO-GIA/01-MAY-GIAT/README.md
LOG-WASHER-04,LOG-WASHER,LOG,CHUC-NANG,May giat say 9-5kg,10000000,17000000,VND/thiet-bi,NO,07-LO-GIA/01-MAY-GIAT/README.md
LOG-WASHER-05,LOG-WASHER,LOG,CAO-CAP,Thap giat say,25000000,50000000,VND/he,NO,07-LO-GIA/01-MAY-GIAT/README.md
LOG-CAB-01,LOG-CAB,LOG,KINH-TE,Ke kim loai roi,800000,2000000,VND/bo,NO,07-LO-GIA/02-TU-GIAT/README.md
LOG-CAB-02,LOG-CAB,LOG,PHO-THONG,Tu tren PVC,2000000,4000000,VND/bo,NO,07-LO-GIA/02-TU-GIAT/README.md
LOG-CAB-03,LOG-CAB,LOG,PHO-THONG,Tu tren nhom,3000000,5500000,VND/bo,YES,07-LO-GIA/02-TU-GIAT/README.md
LOG-CAB-04,LOG-CAB,LOG,KHA,Tu WPB custom,4500000,8000000,VND/bo,YES,07-LO-GIA/02-TU-GIAT/README.md
LOG-CAB-05,LOG-CAB,LOG,CAO-CAP,He tu va mat gap da,8000000,15000000,VND/bo,NO,07-LO-GIA/02-TU-GIAT/README.md
LOG-DRY-01,LOG-DRY,LOG,KINH-TE,Gia phoi roi,400000,1200000,VND/bo,NO,07-LO-GIA/03-GIAN-PHOI/README.md
LOG-DRY-02,LOG-DRY,LOG,PHO-THONG,Gia gap tuong,800000,2000000,VND/bo,NO,07-LO-GIA/03-GIAN-PHOI/README.md
LOG-DRY-03,LOG-DRY,LOG,PHO-THONG,Gian phoi quay tay,1500000,3500000,VND/bo,YES,07-LO-GIA/03-GIAN-PHOI/README.md
LOG-DRY-04,LOG-DRY,LOG,KHA,Gian phoi dien,4500000,9000000,VND/bo,NO,07-LO-GIA/03-GIAN-PHOI/README.md
LOG-DRY-05,LOG-DRY,LOG,CAO-CAP,Gian phoi dien say khu khuan,9000000,18000000,VND/bo,NO,07-LO-GIA/03-GIAN-PHOI/README.md
LOG-FLOOR-01,LOG-FLOOR,LOG,GIU-LAI,Ve sinh va giu nen,400000,1000000,VND/goi,YES,07-LO-GIA/04-SAN-VA-THOAT-NUOC/README.md
LOG-FLOOR-02,LOG-FLOOR,LOG,SUA-NHE,Thay pheu hoac ron cuc bo,1000000,3000000,VND/goi,NO,07-LO-GIA/04-SAN-VA-THOAT-NUOC/README.md
LOG-FLOOR-03,LOG-FLOOR,LOG,SUA-NHE,Son phu chong truot,1500000,3500000,VND/goi,NO,07-LO-GIA/04-SAN-VA-THOAT-NUOC/README.md
LOG-FLOOR-04,LOG-FLOOR,LOG,LAM-LAI,Lat lai gach chong truot,4000000,8000000,VND/goi,NO,07-LO-GIA/04-SAN-VA-THOAT-NUOC/README.md
LOG-FLOOR-05,LOG-FLOOR,LOG,HE-THONG,Lam lai san va chong tham,8000000,15000000,VND/goi,NO,07-LO-GIA/04-SAN-VA-THOAT-NUOC/README.md
COM-DESIGN-01,COM-DESIGN,COM,TU-LAM,Chu nha tu bo tri va dieu phoi,0,2000000,VND/goi,NO,08-HANG-MUC-CHUNG/10-KHAO-SAT-THIET-KE-GIAM-SAT/README.md
COM-DESIGN-02,COM-DESIGN,COM,KEM-NHA-CUNG-CAP,Thiet ke mien phi kem don hang,0,5000000,VND/goi-quy-doi,NO,08-HANG-MUC-CHUNG/10-KHAO-SAT-THIET-KE-GIAM-SAT/README.md
COM-DESIGN-03,COM-DESIGN,COM,THIET-YEU,Do hien trang va ho so 2D shop drawing,3000000,7000000,VND/goi,YES,08-HANG-MUC-CHUNG/10-KHAO-SAT-THIET-KE-GIAM-SAT/README.md
COM-DESIGN-04,COM-DESIGN,COM,DAY-DU,Thiet ke 3D va ky thuat day du,7000000,15000000,VND/goi,NO,08-HANG-MUC-CHUNG/10-KHAO-SAT-THIET-KE-GIAM-SAT/README.md
COM-DESIGN-05,COM-DESIGN,COM,CAO-CAP,Thiet ke va giam sat tac gia tron goi,15000000,30000000,VND/goi,NO,08-HANG-MUC-CHUNG/10-KHAO-SAT-THIET-KE-GIAM-SAT/README.md
LIV-DECOR-01,LIV-DECOR,LIV,TOI-GIAN,Dung do san co va khong mua them,0,500000,VND/goi,NO,02-PHONG-KHACH/07-THAM-GOI-VA-TRANG-TRI/README.md
LIV-DECOR-02,LIV-DECOR,LIV,PHO-THONG,Tham de giat va goi tua,1000000,3000000,VND/goi,YES,02-PHONG-KHACH/07-THAM-GOI-VA-TRANG-TRI/README.md
LIV-DECOR-03,LIV-DECOR,LIV,KHA,Tham tot goi va tranh in,3000000,7000000,VND/goi,NO,02-PHONG-KHACH/07-THAM-GOI-VA-TRANG-TRI/README.md
LIV-DECOR-04,LIV-DECOR,LIV,CAO-CAP,Tham len nghe thuat va den cay,7000000,15000000,VND/goi,NO,02-PHONG-KHACH/07-THAM-GOI-VA-TRANG-TRI/README.md
LIV-DECOR-05,LIV-DECOR,LIV,PREMIUM,Do decor nghe thuat suu tam,15000000,40000000,VND/goi,NO,02-PHONG-KHACH/07-THAM-GOI-VA-TRANG-TRI/README.md
