item_id,economy_or_local,mainstream,upper_or_specialist,selection_note
COM-FLOOR,Kosmos-Galamax-local,Inovar-Robina-Dongwha,An-Cuong-imported-engineered,Verify collection thickness wear class and local installer
COM-CEIL,Local-qualified-system,Vinh-Tuong-Gyproc-Knauf,Vinh-Tuong-Gyptone,Buy complete frame-board-jointing system
COM-PAINT,Maxilite-Kova-economy,Dulux-Jotun-Nippon,Dulux-Ambiance-special-coatings,Compare exact product line not brand only
COM-LIGHT,Dien-Quang-Rang-Dong,Rang-Dong-Philips-Signify,Hafele-Loox-specialist,Require CRI CCT lumen driver warranty
COM-ELECTRIC,Sino-Vanlock,Panasonic-Schneider,Legrand-Schneider-upper,Design and test matter more than faceplate brand
COM-BOARD,Local-board-with-test,An-Cuong-Minh-Long,Imported-plywood-WPB-specialist,Lock core surface emission class edge and back
COM-HARDWARE,Cariny-Imundex,Hafele-Hettich,Blum-Hettich-upper,Lock item code load and quantity
COM-AUX,Apollo-Xtraseal,Sika-Dow-Mapei,Specialist-system-by-substrate,Use correct chemistry and valid batch
COM-SITE,Independent-team,Fitout-contractor-with-condo-record,Main-contractor-full-service,Verify building logistics and liability
ENT-SHOE,Ready-made-local,Custom-MDF-An-Cuong-equivalent,Specialist-cabinet-maker,Judge construction and ventilation not logo
ENT-ACC,Local-glass-furniture,JYSK-BAYA-local-custom,Design-furniture-brand,Require safety glass edge and load
LIV-SOFA,Local-ready-made,JYSK-BAYA-reputable-local,Nha-Xinh-specialist-upholstery,Sit test and verify frame foam fabric
LIV-TABLE,Local-ready-made,JYSK-BAYA,Higher-design-brands,Check stability edge and delivery
LIV-TVUNIT,Local-ready-made,Custom-MDF-An-Cuong-equivalent,Specialist-stone-sintered-maker,Coordinate power data ventilation
LIV-TV,TCL-Xiaomi-Aqua,Samsung-LG-Toshiba-Sony,LG-Samsung-Sony-OLED-MiniLED,Lock current model warranty panel policy
LIV-CURTAIN,Local-curtain-workshop,Reputable-curtain-studio,Somfy-or-equivalent-motor-system,Compare fabric fullness track motor access
LIV-CLIMATE,Midea-Casper-Funiki,Daikin-Panasonic-LG-Mitsubishi,Premium-lines-with-air-treatment,Calculate heat load and installation scope
KIT-CAB,Local-cabinet-maker,Qualified-maker-An-Cuong-equivalent,Specialist-plywood-stainless-system,Shop drawing and water zone construction are decisive
KIT-TOP,Local-granite-fabricator,Vicostone-or-qualified-quartz,Sintered-specialist,Approve slab and joint layout
KIT-HDW,Cariny-Imundex,Hafele-Hettich,Blum-Hettich-upper,Use premium only at high-use locations
KIT-SINK,Sonha-local,Hafele-Teka-Konox-Malloca,Blanco-Frank-specialist,Verify steel grade thickness drain and cutout
KIT-HOB,Midea-Sunhouse-Kangaroo,Pramie-Hafele-Teka,Bosch-Electrolux-upper,Verify electrical load cutout and service
KIT-HOOD,Comfee-Sunhouse-Kangaroo,Hafele-Pramie-Teka-Bosch,Miele-Falmec-specialist,Duct design can outweigh nameplate airflow
KIT-DINING,Local-furniture,JYSK-BAYA,Design-solid-wood-brand,Test chair comfort and clearances
KIT-FRIDGE,Aqua-Casper-Midea,Panasonic-LG-Samsung-Toshiba,Hitachi-Mitsubishi-Bosch-upper,Lock model dimensions before cabinet
BR1-BED,Local-frame-foam,Everon-LienA-VanThanh-JYSK,Tempur-Dunlopillo-premium,Mattress must be personally tested
BR1-WARD,Ready-made-local,Custom-MDF-An-Cuong-equivalent,Glass-aluminum-specialist,Back edge hardware and internal layout matter
BR1-AUX,Local-ready-made,Custom-MDF-workshop,Design-furniture-brand,Keep circulation and power access
BR1-CURTAIN,Local-curtain-workshop,Reputable-curtain-studio,Somfy-or-equivalent-motor,Test blackout and cleaning method
BR1-CLIMATE,Midea-Casper-Funiki,Daikin-Panasonic-LG-Mitsubishi,Premium-air-treatment-lines,Prioritize noise and low-load control
BR2-BED,Local-frame-foam,Everon-LienA-VanThanh-JYSK,Custom-loft-specialist,Check child safety and drawer clearance
BR2-WARD,Ready-made-local,Custom-MDF-An-Cuong-equivalent,Integrated-furniture-specialist,Avoid over-integrating changing child needs
BR2-DESK,Local-office-furniture,Hoa-Phat-JYSK-Dergo,Ergonomic-standing-desk-brand,Chair and ergonomics are separate budget
BR2-CURTAIN,Local-curtain-workshop,Reputable-curtain-studio,Somfy-or-equivalent-motor,Use child-safe cords
BR2-CLIMATE,Midea-Casper-Funiki,Daikin-Panasonic-LG-Mitsubishi,Multi-split-specialist,Prioritize noise airflow and service
BAT-WP,Local-qualified-waterproof-team,Sika-Mapei-Kova-systems,Specialist-membrane-system,Use complete tested system and flood test
BAT-SCREEN,Local-glass-workshop,Eurowindow-qualified-specialist,Premium-hardware-specialist,Glass certification edge hardware and layout
BAT-VANITY,Local-PVC-aluminum,Custom-WPB-PVC-maker,Inax-Toto-specialist-set,No standard MDF in splash zone
BAT-SANITARY,Viglacera-Caesar,INAX-Toto-American-Standard,Smart-toilet-specialist,Match rough-in and available spare parts
BAT-SHOWER,Viglacera-Caesar,INAX-Toto-American-Standard-Grohe,Hansgrohe-premium,Check pressure cartridge and service
BAT-VENT,Senko-Dasin,Panasonic-KDK-Mitsubishi,High-static-specialist,Check duct pressure noise and backdraft damper
BAT-ACC,Local-inox,Viglacera-INAX-Toto-Hafele,Accessibility-specialist,Load-bearing grab bars need structural anchors
LOG-WASHER,Hisense-Casper-Aqua,LG-Electrolux-Panasonic-Toshiba,Bosch-LG-upper,Check door service filter and local support
LOG-CAB,Local-PVC-aluminum,Custom-WPB-aluminum-maker,Specialist-outdoor-cabinet,Keep valves drain and ventilation accessible
LOG-DRY,Local-rack,Hoa-Phat-Duy-Loi-reputable-local,Electric-rack-specialist,Verify anchor load and building rules
LOG-FLOOR,Local-qualified-tiler,Sika-Mapei-system-installer,Specialist-waterproof-contractor,Diagnose slope drain and waterproofing before demolition
COM-DESIGN,Owner-or-freelancer,Qualified-interior-studio,Architecture-interior-firm-with-site-supervision,Judge deliverables revisions liability and site attendance
LIV-DECOR,Local-homeware,JYSK-BAYA-HM-Home-equivalent,Design-gallery-or-artisan,Buy after main furniture and test cleanability

